temp,vibration,pressure,oil,hours,error_count,failure,status
79.96714153011233,5.852355095063283,207.98710873172004,75.56722152333276,1413,16,87.92605677707026,1
73.61735698828815,7.818833280940261,198.49267365825537,48.97628567342933,1478,10,75.65359099856204,1
81.47688538100692,1.2028648523617176,181.19260739840348,43.63602233155386,1357,10,120.22858404207764,0
90.23029856408026,5.125938473381142,167.06126444588853,59.93251085178096,1074,15,81.40450878757713,1
72.65846625276664,2.698714861756346,193.9644662722718,56.59630754950143,1354,1,139.81166187848663,0
72.6586304305082,3.025749232470608,187.869707708435,50.9354390134545,1071,1,135.77982130255583,0
90.79212815507391,2.8152121515222617,197.90386440055465,73.92774894913431,1258,7,121.51847473832993,0
82.67434729152909,2.2720184606403677,192.70343603363938,79.10610417141021,1397,12,124.25242656735888,0
70.30525614065049,4.097043255889654,200.9910543063867,61.768137725836944,1187,9,117.92851790328085,0
80.42560043585965,2.3380997671779244,169.29529576878863,89.55060162110524,1460,7,140.4300223244415,0
70.36582307187538,4.540913651559678,206.34788131268652,37.1662177173299,1172,3,114.10314118868723,0
70.34270246429743,3.8995237811017263,183.951992093848,56.12681081440564,1479,14,105.19805318695109,0
77.41962271566034,3.5221039062671804,221.5052174525053,45.6635535879439,1289,0,126.27424737130625,0
55.86719755342202,2.1848726759168042,166.21624363820865,22.6692676585388,1044,10,123.94189437919735,0
57.75082167486967,2.8464573388633347,214.719276063305,58.34638628314602,1060,6,142.9008770907706,0
69.37712470759027,5.510782451651512,183.95821566925295,57.56504983233433,1082,16,91.78456553688285,1
64.87168879665576,5.0018343752487615,166.97163992771104,90.26899486484263,1122,19,109.61247139310662,0
78.14247332595274,2.044889510402898,170.32228331891358,72.61623369109554,1357,17,116.65002210156241,0
65.91975924478788,4.198664610858452,173.5930538361136,39.5162635134159,1015,11,106.35800747401004,0
60.87696298664709,5.502774246743578,188.48331892803833,97.08185132668376,1065,8,134.49216130007557,0
89.65648768921554,0.6611894377572565,190.45670976071,84.42067391050706,1423,4,150.08063130182305,0
72.74223699513465,5.08672038475987,168.52599992122842,71.64195406937232,1144,9,113.21342436049949,0
75.67528204687923,2.674752482108307,179.51290815478035,55.47031802300336,1374,3,132.92691351713182,0
60.75251813786544,5.141197337186319,222.8454071722373,40.81121526553041,1161,4,116.86901442498228,0
69.55617275474818,2.4734816869149663,214.55086340201422,52.55586447857894,1233,9,126.6801405401712,0
76.10922589709867,0.3902357986709619,188.72647339348063,81.77497239408372,1379,10,149.98321908999523,0
63.490064225776976,0.7449151242336747,180.760069563364,97.69172611869217,1143,9,168.3794906848551,0
78.75698018345672,4.096169893322764,182.40062653436522,90.86487056544378,1357,7,128.8724919893744,0
68.99361310081196,4.519445003442963,192.27035945460833,50.223011564274515,1187,1,125.82605527394396,0
72.08306250206724,2.191366749791183,159.5441486960319,37.607651334219774,1321,7,123.00144166712663,0
68.98293387770603,5.277184917554748,174.8524692515331,62.81772493822408,1449,15,96.76003602650921,1
93.52278184508938,0.6769598754620803,146.6283185224482,24.63121268874297,1473,4,116.71670186460335,0
74.86502775262066,3.867840402705367,187.9844624521056,66.46335428369562,1012,2,133.33693171810833,0
64.422890710441,1.5779676004750867,192.9439187940548,57.04794827402662,1183,11,136.4469207648598,0
83.22544912103189,2.696327784395682,170.33627075401253,50.67926996263515,1110,12,107.63865340932661,0
62.791563500289776,4.094797342632828,211.47973526580066,28.10593865466409,1414,12,99.99133978603763,1
77.08863595004756,2.2791732694320954,155.4846867399532,70.27200213139433,1289,9,130.78670615020235,0
55.403298761202244,3.230888911540349,150.7125023958036,49.34598320676177,1294,3,142.03324130209631,0
61.71813951101569,6.012585618428881,184.48903637119943,36.60166328579424,1450,8,97.57563508665352,1
76.96861235869123,2.8462162609537023,200.9419660522431,2.5547557343670135,1391,1,107.9777578926009,0
82.3846657999541,5.671384224130284,213.67855382915738,59.44970189898727,1214,18,76.37604451648807,1
76.7136828118997,1.7405862906847638,170.8223147426212,95.44503193339489,1461,0,165.12187939169957,0
73.8435171761176,5.059608355830566,201.5736166686259,93.2251842909574,1119,6,129.4659115579401,0
71.98896304410711,6.883137241315801,179.22983060998587,50.858074868274564,1381,16,73.8677690683252,1
60.214780096325725,-0.9432890002545786,176.5474540011836,47.955758792764385,1054,2,174.08236732135822,0
67.80155791605291,2.406209489059046,197.67319874973344,69.37548512150047,1026,19,118.06682031543554,0
70.39361229040213,5.15414425436108,193.04645756826838,40.03229121623417,1117,19,78.88310174090674,1
85.57122226218915,3.593909227914015,148.472156860315,66.03583799638932,1220,2,125.70966736513122,0
78.43618289568461,4.742291746742618,209.53080699451792,75.32160556769381,1230,2,126.82352249335827,0
57.36959844637266,2.792029626568359,207.60182708294903,84.53866447768615,1052,16,136.7774164691981,0
78.24083969394795,4.1731795749458,167.4887459698094,57.99691847040094,1294,6,114.55035088047572,0
71.14917719583684,3.688645529215841,187.91607066874818,55.926524996460685,1320,13,108.93475650783415,0
68.23077999694041,6.335564123319615,189.88060372565477,42.440348264868774,1400,16,76.95103714832513,1
81.11676288840867,4.508841686602426,185.21347531647814,43.4623929192028,1232,17,80.60705265605503,1
85.30999522495951,4.675205324150404,168.9938969230916,55.470422161969466,1157,12,92.30057230781387,1
84.31280119116198,3.1762460677550655,166.56753264123898,67.34731013632356,1436,19,95.63344557319165,1
66.60782476777362,3.024787551855013,179.4889185801711,78.27169252466499,1268,19,117.31128603327348,0
71.90787624148786,3.134883624360758,203.45458038518728,43.9364209863931,1020,17,100.26284050512021,0
78.31263431403563,4.788904284756594,190.87200309188864,89.85377137919043,1402,3,130.95554396031395,0
84.75545127122359,3.158031038359474,172.58771335827788,54.57752797914863,1052,0,128.96015466571964,0
70.2082576215471,4.579549713792826,195.4339742129669,59.57265411303128,1274,17,96.61332324893533,1
73.14341023336183,8.150801597290878,123.02914758739848,45.05576641704353,1312,0,92.24674224350528,1
63.93665025993972,5.742249406863385,202.97531400744208,11.515194794541166,1280,12,78.27028193441173,1
63.037933759193294,3.347952935664318,145.20572442443802,77.680907927221,1213,19,117.56148347094133,0
83.12525822394198,6.40242784432789,172.75118117193736,74.73687794184866,1030,19,76.49880963714762,1
88.56240028570824,3.183849253956897,157.60660210747713,54.37344885763573,1336,9,106.1860101685961,0
74.27989878419666,-0.07624907035570772,154.1063704855819,61.33981434449744,1182,10,145.94598070773705,0
85.03532897892023,1.9838273781651918,203.2165357475704,70.31878435408198,1022,8,130.1505099685833,0
78.61636025047635,0.25841615794828865,170.64597597376218,28.749082862269148,1031,8,128.25912396716717,0
68.54880245394875,3.296973031917383,186.93007763461432,49.418946453074106,1445,4,128.26964700803902,0
78.61395605508415,4.036836758379104,179.06158842241632,75.88529359243654,1073,0,137.39178788511816,0
90.38036566465969,7.352874624550566,189.54081654446242,34.914211536615014,1009,16,49.284816240175225,1
74.64173960890048,4.653854747528325,181.5364378212051,65.87115864333259,1483,1,126.57634965431932,0
90.64643655814007,3.5617989423822713,154.3401555162286,32.8683639075319,1455,12,84.14764116819572,1
48.80254895910255,5.658811162366979,199.9253363889428,69.32859964867053,1053,8,129.0867713581174,0
83.21902504375224,-0.42227061801577026,170.12486833677374,59.28717035405033,1051,3,155.19153008614953,0
75.87047068238171,4.471229116217132,148.868362026805,27.69736368188981,1147,4,103.64747236530249,0
72.00992649534132,5.541730387773933,171.43769678068176,83.29478708914343,1159,10,113.91060924610719,0
75.91760776535503,1.042827508440317,210.01519581268622,45.308168464039014,1369,18,110.73237795221294,0
55.124310853991076,6.287508086413858,197.00443484226986,43.79495125971238,1013,2,118.43296225535246,0
72.80328112162488,4.676992814988829,173.0269573118428,64.01138394461886,1177,11,108.46212455509891,0
78.57112571511746,3.1694241721983976,173.01484591363143,82.9727469885743,1411,18,110.219079544606,0
89.77894044741517,5.26556373221257,173.56729897565234,39.68356362043206,1365,18,63.06911959458333,1
69.81729781726352,8.541385715608792,221.53495967121682,61.233596996959434,1499,12,74.93687451979858,1
66.91506397106812,4.36373251011699,187.63870904463107,68.57633000661146,1052,6,128.5862537455153,0
69.98242956415463,4.496441172600672,188.6008329438214,73.86211214526288,1407,14,109.93858304050235,0
84.15402117702074,3.081278200919512,200.60566908063686,63.528831105544505,1334,6,121.12097300379958,0
78.28751109659684,2.3003112610704166,184.77578318053028,52.65944321833355,1021,7,126.19222264332598,0
69.70239796232961,5.660671633088491,174.81915708358594,43.44819558702561,1029,4,107.5318063589412,0
80.13267433113356,2.2878323481822656,176.07300301830043,61.722877660927495,1190,13,116.50264058009878,0
75.9707754934804,4.143132474438785,178.56797481171873,38.557219760287865,1259,3,113.06192968984934,0
84.68644990532889,3.0446851064697666,179.25555526980318,1.5729903301078565,1204,9,84.65985438903269,1
67.97946906122648,4.957959651492784,194.5525908727396,68.73119608315335,1058,19,97.02834558065322,1
71.72337853402232,4.667324210573897,181.038917716146,78.07869682172391,1470,14,108.97205189905293,0
71.07891846867842,6.075079888515798,194.6528015443116,12.741351289163234,1263,17,60.59190176151248,1
60.364850518678814,2.979967202290506,178.38566839782834,39.805385905801245,1465,19,102.44607491963352,0
77.96120277064576,3.4602501294132573,181.5727038063218,72.38308522010395,1011,12,117.08557935822932,0
77.6105527217989,2.042472568435385,140.03598630935784,101.14990939423397,1118,7,152.5567319721948,0
75.05113456642461,3.111413479847777,198.32655349404962,60.415874153508156,1414,8,122.20572158483218,0
72.65412866624852,4.754600986089704,186.92976951795984,45.43994117541731,1461,15,89.25485976599221,1
60.84629257949586,5.513977233290704,199.96020219719304,56.34207117790319,1289,18,92.93718365902929,1
70.79354677234642,2.1556693516447494,122.07489243612622,87.4975283829637,1337,15,133.18357196044673,0
71.57285483473231,5.73921184021132,221.76749409561455,47.080716417509294,1247,6,102.13337961927823,0
66.9772273077838,6.711275717609902,177.20820743689652,44.016159866994926,1353,13,81.9710923463912,1
73.3871428833399,4.826869806447402,202.16365633475033,50.34512955635935,1126,13,96.21789201992856,1
79.04050856814538,7.753591625116131,159.20188145748938,40.93342783482575,1074,3,83.8355740619675,1
93.8618590121053,2.452421601792854,192.25547810125138,62.45340631989591,1360,14,101.71784313592089,0
76.74577812831839,1.510690593377166,158.93168873652687,92.49356916939121,1203,2,162.74963733502358,0
77.57550390722764,0.4425595021914428,167.5246207860839,66.46158546232058,1048,4,154.38991358784665,0
74.25554084233833,6.9920886229783665,218.28062707733574,54.95292995747425,1078,0,106.74532332103952,0
55.812287847009586,5.308731312708115,176.18635198473308,54.163774621689114,1440,2,128.76220653157196,0
74.73486124550783,3.88883065817909,184.34865746359446,28.73618382606686,1478,14,88.07955765119445,1
75.60230209941027,4.5599372526396404,197.40135461377508,77.66219554294318,1240,7,121.66975807082626,0
99.63242112485287,1.749021905403247,189.9136377594521,58.44325605974396,1348,3,122.78351588676371,0
73.07639035218878,8.891503959233653,183.00837810287152,56.390401728187484,1153,1,90.8370569084735,1
78.01547342333612,4.258442363950455,187.2992200493245,123.86215135689721,1273,9,141.08615802817607,0
74.65288230294756,4.218789589209786,228.0683117047655,65.97505816731372,1095,3,128.03990652762053,0
63.31321962380468,5.451533247797384,178.8476240593283,44.964178998096315,1213,2,118.15424781762535,0
86.4282281451502,4.962018463473426,184.02198093429934,51.47284807588913,1293,1,108.43269381403698,0
82.51933032686775,4.447768048558263,201.01308792015223,82.9689141839351,1208,16,101.84684844200723,0
82.91031947043047,2.4190510891093764,202.11051865915968,62.26540821075529,1342,19,100.74203981615827,0
65.9061254520526,4.942936714271991,203.7406061112076,31.234440433652665,1087,12,93.91382614100831,1
89.02794310936099,7.764048992950068,192.7746044405837,78.38457869150407,1305,4,91.33254291466268,1
60.98148937207719,6.690840092309955,157.13990174539032,46.63711828922012,1263,8,98.69164690846868,1
80.8685709380027,7.186373253278794,212.6686306460219,97.4659555243509,1424,5,109.42713498554293,0
96.90455625809979,2.9775686471376295,157.07309213962623,81.60096131429297,1389,4,124.51128647356563,0
65.09463674869312,2.020790359482838,186.05270930478068,51.053562086824975,1324,9,132.66474876859527,0
69.33702270397228,3.7484261598007036,164.91448299961283,85.62032723470226,1427,7,136.21813617576768,0
75.99651365087641,4.111449824577389,178.71723306814016,61.357110210548065,1376,6,118.1097455879538,0
69.965243458838,6.188383036941897,186.5752482060696,77.05547350244439,1319,6,114.45347768861663,0
59.493365689338674,0.6150707405703613,186.42714430900546,69.6946563458895,1156,5,166.55206969691093,0
75.68562974806028,7.059100638921228,188.4384150847057,43.07286690018253,1155,19,60.740124540273214,1
64.37696286273895,3.683984202842021,212.27422538117293,47.12900335365076,1138,2,132.90105776389805,0
79.73592430635182,3.1462378601051597,189.0706860302796,80.59921635162323,1120,18,109.74096584988888,0
65.80575765766197,1.975791249479665,175.11686729418702,53.304493357869184,1064,14,124.88131055696768,0
90.4993440501754,0.6902866562684613,199.28174336576714,51.927030735160066,1106,3,136.51174687729204,0
67.16746707663764,5.646341167923829,203.78940977849282,40.89754841301294,1146,11,93.81407120180573,1
71.77938483794324,4.146635934376808,155.44784369726014,68.47198131186923,1136,5,127.95939531056555,0
83.1351721736967,1.4200782005178922,191.94800139699717,101.25049838486291,1410,18,129.70648584933093,0
62.69135683566045,1.4098424558727678,194.02345484621796,38.64934171491454,1161,3,146.08784574194678,0
77.2745993460413,3.3284306014197433,174.04872993280017,60.48438913345516,1427,14,106.66007027853658,0
88.07142754282428,7.338043050578786,207.51413626623238,88.24441110830858,1451,8,91.70571911526454,1
58.92516765438772,3.4808172972727904,176.99888825934946,58.4071721750857,1099,4,140.72191358585036,0
76.84633858532304,0.9937140937637876,182.51152906943085,69.04743592499467,1337,12,134.41193434412858,0
77.59882794248423,3.5085138718281113,176.53856351432262,38.75212943706241,1398,17,88.23889138991893,1
82.81822871777311,3.454552860504659,180.31158095162934,68.56614194415297,1306,4,125.86206511382072,0
62.63049289121918,-1.3937732858831433,158.07449826209597,56.257114699909025,1140,15,153.47434932404434,0
61.795433869157236,3.8914102669643755,151.1989823481141,79.71459991359725,1082,18,117.87967072575783,0
80.21941565616898,3.538130939582644,211.89010126449944,83.74772103129501,1176,13,117.51328047405117,0
77.96984673233186,5.3924127296268365,163.06077303363344,111.79127284037227,1197,15,114.39545719730594,0
77.50492850345877,7.69791218989069,160.17215301087384,71.59266346427151,1111,14,78.6540914102432,1
78.46448209496975,6.253130059095515,136.9321977279257,66.51592633164333,1055,3,109.18633701708173,0
68.1997527842151,3.4622226188903387,167.22076504620995,63.88768603154672,1459,6,130.39125983727857,0
77.32253697161003,1.7869481825166593,153.53820413185002,52.936674143786234,1178,15,114.42472203447181,0
77.93072473298682,9.14671960649972,212.8403032027274,66.76967686923382,1420,7,76.76650179622968,1
67.85648581973632,4.118436868028977,200.19634178685268,54.091971797219415,1400,16,100.81330229858884,0
93.65774511144757,4.027858583825893,166.23699309644553,63.36921952539229,1185,15,88.61054500293095,1
79.73832920911788,3.9517498257799932,225.04871610688616,86.3519507121592,1470,9,122.42131338254535,0
63.08696502797351,4.39616952153571,199.63530973983188,39.86914869440717,1217,9,110.21064615253908,0
81.5655360863383,3.711279176152115,173.50337232982756,82.7975712225809,1412,1,137.3961233330029,0
65.25318329772679,2.8526759862395275,130.01188570252853,86.34230134679731,1416,8,145.067196145301,0
82.87084603742451,2.9062821175192157,225.81885145181485,57.63862946017842,1315,16,100.69738095999588,0
86.58595579007404,3.934493459568003,152.20855066472808,17.56290201982811,1474,10,80.66673870131079,1
66.7931768164829,2.91315045773247,147.09202506086217,47.84356025811135,1216,9,123.1020350140096,0
84.63376129244321,2.5743084346456713,200.4514086401928,85.93989093122218,1119,16,117.07346895449113,0
79.12780926936499,4.212860455383794,228.79504812678545,59.542638754022356,1438,3,119.57618831844884,0
83.2206015999449,3.4900455651582893,207.68545637021037,40.01395535410178,1393,15,88.54513187582862,1
93.96792982653947,7.007985977165378,191.2781824010472,49.90450157543565,1174,19,49.84401910916323,1
72.5461188399713,-1.301939616786024,191.89508683330573,76.81240053009105,1022,14,157.67482212735666,0
67.4626383564251,6.1830137038449235,197.06831117560614,70.9346713640276,1212,4,117.97311536611433,0
66.10485570374476,6.492170384995259,195.1785717957353,55.22135801660611,1404,5,105.76943136534518,0
66.84189715034562,-0.14678046481629892,185.62382847938753,52.663511763706246,1234,16,135.86248188010703,0
74.22898290585896,3.3146248118393027,182.0840220790375,52.16483701912356,1012,0,135.12223369016021,0
78.41151974816644,3.257118268008417,178.74813744200955,41.55179631002995,1100,18,90.48973621241448,1
77.7669079933002,1.1849766105643575,164.92070822266646,92.30751378938884,1416,3,161.3804176155394,0
83.27183249036024,2.444366624818249,174.38649846266452,53.5535906157732,1023,16,103.48939631705241,0
75.13001891877907,1.7788483090683425,146.1408637160923,84.34317041650993,1363,8,145.02178360068498,0
89.53534077157317,7.504540886847245,178.033207464105,90.42632103844903,1010,1,106.49856080718801,0
72.35343166762044,5.871356786294922,160.22817785698166,79.9662179629592,1272,7,114.76950935702389,0
102.20169166589619,6.543110189988317,157.92821365568457,51.367593745639034,1451,14,56.32256202019602,1
81.25667347765007,5.44334412808647,183.59788302306956,68.07460180673219,1430,6,106.33520909655425,0
66.42842443583717,1.7418964575655416,207.840045726892,59.51608787218168,1280,5,146.28013272689677,0
64.29107501938887,2.9509594674404527,198.36633212004625,41.92596278539744,1093,0,140.457445637664,0
79.82472415243186,4.978749122455836,148.58998792753647,66.48718563443207,1200,14,95.55382051562384,1
72.7653721467415,1.5557443822161092,160.20743726859325,36.41920417680395,1020,6,130.4513493132799,0
82.14000494092092,5.425996860344776,198.81542375976431,83.75358776923127,1339,16,94.0618150491207,1
79.73237624573545,3.51934920368373,160.3502521292338,50.70765405403214,1466,1,124.08313240095787,0
74.27171087343127,3.250358384900805,175.50733700005952,64.02319311745678,1210,8,124.54136078077696,0
66.53206281931595,5.421919936406983,191.00104198049104,65.66575743092284,1139,8,114.5368689687528,0
59.851527753141355,4.88852662297208,160.6331109027273,54.82190052591845,1292,12,109.96151507666951,0
70.53485047932979,3.27806766836184,182.1075101229192,71.7338760295055,1297,5,136.72951628439418,0
83.56398794323472,6.318659606728496,153.31949010163592,50.501926867549514,1400,5,90.850496225359,1
77.14093744130204,1.8378733448002054,167.97264712097572,77.42594594914488,1100,19,118.79723626312918,0
62.542612212880115,5.231871213888527,186.39563868285074,33.080406395065026,1303,19,80.13614371612019,1
76.73180925851182,5.186202515936768,148.1401253293666,62.52759159092824,1358,2,117.59872826116053,0
78.85317379728836,3.3809071213720197,188.80949475920798,98.77857998116569,1027,16,122.124493981776,0
66.16142563798867,4.652266044484236,179.60724402146639,39.993373507888506,1040,16,92.64941788767942,1
76.53725105945527,1.497772847229394,191.04979908834295,46.44510058950297,1354,11,121.24056666935213,0
75.58208718446,5.848054038413802,184.47828268129322,70.2781569931783,1302,15,91.37897644171072,1
63.57029702169377,3.630195727114022,207.28280859947688,63.591635638791956,1495,14,116.4230143851288,0
78.57787360348283,2.954553958961921,182.50449005295815,67.01260198547118,1145,12,117.28257043825397,0
80.60784526368235,6.098018451673779,171.41188917749494,69.78374260295327,1255,0,115.34644747714049,0
85.83051243175277,2.5913126189144817,182.44595006064569,72.6944293712354,1461,16,107.64730378889962,0
85.53802052034902,1.1830774072728807,190.86596058072774,82.19399683912447,1226,2,153.07196274509997,0
61.22330632042909,0.8867416529521925,180.9772014065141,68.19637313857025,1235,14,143.8506082893243,0
65.62174960084877,5.21201990269128,180.81183382407764,55.17484690762915,1360,3,120.59386455160532,0
80.1503526720866,1.4391412950074338,165.9601662438649,73.45147402405462,1379,3,148.19732451429854,0
80.1378595091221,7.50958836396873,166.74198164898104,97.9976386979043,1454,17,83.54182482990466,1
80.15047686306048,-0.1638588157674441,151.94789456400613,57.34732507234853,1488,16,126.42415157186544,0
113.52731490654722,7.392912736580076,214.9915348637388,40.50941390658717,1012,18,29.229553135415195,1
80.70890510693167,4.422034934405237,155.1227352921743,82.14161338573945,1209,10,115.08240313208249,0
86.35565640180599,3.8065737762592153,166.14189604408185,57.59237672092804,1228,19,85.11907302894548,1
84.54001763493203,2.9101618263821005,165.63185468861604,16.546609079719275,1396,2,106.3799958208572,0
81.51391251305797,4.798272228704142,197.89848753888882,76.94843354300843,1099,7,115.3819089314247,0
71.84730755359655,3.924730595150303,174.10100643415944,49.29343628092155,1030,13,104.6210273363811,0
82.58969220493267,6.2066037640330425,204.95484145347467,58.189334353916784,1385,0,106.4450833007479,0
67.27174785462428,4.228455297324079,166.53018751512263,66.63960661138029,1015,13,114.5997626433981,0
72.63181393259991,4.300603522923756,185.57988324447604,63.809993595581325,1136,1,131.71471746832069,0
70.14636452170896,3.2727755755722883,163.29305893480486,74.1890363427808,1328,3,142.15522194944492,0
75.81874139386322,3.886108752557865,222.90298255546776,51.29027258860313,1165,18,92.07627315874807,1
98.14658566673509,4.615603537784119,156.24803161940974,70.26211596352165,1458,5,102.3989611460998,0
56.32734807408252,0.5796632146867489,186.19641420454056,54.80906644832166,1309,0,171.1603490474008,0
81.86260190374513,1.303629155788574,192.67553761864198,74.77620961775006,1439,16,122.27399003957035,0
58.87284128810349,5.48652818804543,188.27598194902995,72.30734968026107,1469,7,123.8181763052843,0
70.28068134210567,4.341730876255884,176.29424682244584,41.29122595910809,1480,18,86.28722089582243,1
85.88950596967366,3.632033327294642,177.40358600533148,81.71964232350064,1099,0,137.59694976765425,0
75.64280019095463,4.036867866130787,180.8762294395822,49.28073109771904,1108,4,118.29118246704951,0
64.22255222070694,4.695163410723342,177.05995996743022,76.1611559656229,1342,15,112.43122892045915,0
67.84696290740033,2.920480639381277,199.2775823358982,67.34574626802682,1172,5,140.17145769304292,0
81.79597748934675,2.4433905491953745,224.21046003182704,96.76367353590246,1236,7,143.21793038291082,0
67.69633368282864,4.391690510195363,168.85016429984333,55.53068035256295,1161,12,108.66974914845565,0
77.16458589581976,2.0432544447699357,152.60394040841845,53.01366407763605,1392,15,111.46912776400274,0
75.45571839903813,4.816505511428944,178.2343590329749,59.611607882245345,1215,2,120.83418513046061,0
68.48399652394183,0.5948327915243192,231.59418675308638,53.93640434331449,1263,18,125.10734262030925,0
96.43944089325325,6.058311274651287,163.9265086406054,75.998838038841,1262,11,84.0713761076076,1
81.33919022318011,4.9451949648260864,212.78233610888134,27.673787831268243,1291,15,72.74898201848134,1
54.74857413342393,4.5120594686277515,213.55401628152882,38.92635161707292,1273,10,113.20284075277533,0
76.86454314769428,5.965381967891028,168.9282351658401,38.64394156841614,1002,9,87.09728052292442,1
68.38213535231613,7.330948888925153,191.3796615837055,79.00615183947151,1027,19,83.01477652648163,1
83.52433334796224,6.028740130036261,212.56793246257075,94.2122674516385,1325,3,119.43174600715936,0
67.07479261567299,0.3182515373367094,172.41744518025027,57.91101562925057,1491,11,143.2946614233932,0
73.85263558533102,1.440846066528597,175.92839279795277,56.623565536199784,1427,1,148.5679057676063,0
80.04987278980457,2.7503628446086426,168.36638172102712,61.40104326226363,1148,18,102.91772064241903,0
83.65755194170121,4.052182100421668,159.70486538614267,83.23756605216381,1027,4,129.1402846693476,0
62.997035929442234,5.035318040938246,167.01444909867985,41.45293731618852,1487,7,108.6112955870345,0
71.65498764159051,2.548512373693069,155.52119466475486,64.7673796546957,1309,6,136.1266007245309,0
70.25054688839043,4.373533528954157,180.68166936518452,79.5039525956486,1437,13,115.37827055547871,0
68.46670767426288,2.489234135293355,164.60053537882717,70.0218833987969,1064,2,151.0037024776413,0
92.65454240281096,2.7769643940161037,184.67571823581494,63.79163233197487,1355,17,94.78146709160984,1
79.04981710960955,1.1866778063035555,148.88208707592744,80.02092185134282,1020,15,132.17718478755535,0
62.391160456649544,2.1535335077781914,186.61760464428914,5.9353541400152565,1251,18,93.57148064246246,1
84.17861947054776,1.2966307887673327,196.67057923217848,73.55750639061816,1234,18,116.89281130873222,0
96.22156197012633,2.0482534940453343,140.1252871485709,46.918486337451526,1226,17,89.96596564026201,1
85.32465260551147,6.107283593215679,187.48113139695144,23.387342062870864,1012,19,51.515680201300796,1
59.80630034045987,2.1012022223361138,204.55337984946584,70.22405199049962,1312,15,133.897367944193,0
70.15765927133748,9.26476412967478,155.8071796261759,87.47317090325916,1048,7,94.25234499716134,1
87.66911149186623,4.9866358017617785,213.45144773675406,57.251029707446165,1117,0,113.01213924613586,0
67.92330534381219,4.369672247389747,188.3803801873209,79.05749094405877,1053,16,112.96772321786166,0
79.43819428146229,2.2832844396375727,165.89976288483183,92.24556515977291,1137,11,136.62095163761606,0
82.74634053429337,5.4006197588179825,178.88461844684588,86.29828907168095,1052,10,108.48711403786191,0
65.73069528421917,2.848724347524452,191.16653825043446,92.79929058742786,1043,4,157.81029428614295,0
74.404746439382,4.244019629290723,181.52010782824823,74.84254982143784,1302,11,115.43532072488755,0
42.58732659930927,9.12016907653759,190.77511984892737,61.50867277803186,1052,16,86.46312249726779,1
64.7561235866571,3.8078802005507004,161.5865281384127,27.960683762056632,1073,5,116.34740140729704,0
72.4743184860684,6.298546652571352,183.38721648072155,55.078750237401024,1045,0,113.94654710927497,0
62.52216818035151,2.593647149748225,151.7257100619004,43.13506809367617,1012,4,137.74062230457108,0
91.32411303931636,3.9300230190060765,177.77547877302598,103.41885434995628,1164,13,115.38995259147643,0
60.69858622039367,7.54160127127102,161.9218471707042,56.482283751353265,1101,4,105.84446272919352,0
70.59955513303017,2.746065884424465,165.28940114820466,62.464096135689715,1279,0,146.388876886025,0
76.30740577286092,7.624897115993857,204.72186350420876,71.02970752080935,1257,17,73.1847522141651,1
89.41273289066116,5.415503870910951,201.8262024118854,60.87204892744907,1469,15,78.236807183908,1
60.6413784882056,2.8750664482114647,192.18276241814354,93.90102080861506,1336,8,152.7568760280513,0
86.63163752154959,5.264815478111042,158.15374470654842,47.54701276531096,1355,18,69.57467254052747,1
75.10233061019586,5.9451088992534595,173.67183100610396,63.89214910474485,1397,4,109.31833887018806,0
65.18491348952048,5.243619924434393,204.26195399958368,45.15058828603904,1137,1,120.793403955928,0
79.6210347426327,0.8595505602190872,182.8343382727981,33.599549775585885,1162,14,112.41654261193409,0
76.9905969557347,2.545725648350263,226.3865907996339,47.76461818189429,1408,6,122.88402633955727,0
68.99783122841205,3.5049627288969907,187.86635678788744,59.25926405903176,1386,3,133.46166521561028,0
75.69802084990019,3.8511331417999073,183.84098232980062,51.4139555096548,1110,0,128.78949594050798,0
71.14686403138239,5.241344195101356,173.81767071595,46.15158040252288,1101,12,94.72254541534468,1
76.13517345251248,4.355402001866508,182.67081809564564,31.873650726563323,1016,19,77.10547058633962,1
81.62130674521046,1.3293112825797975,176.95060327238912,58.337888547426104,1267,6,134.9024086169063,0
90.86016816145352,4.760395702011927,194.1621735337718,29.905592519379955,1181,14,70.27649611443175,1
62.62184501173151,5.221171490567646,199.1340463358917,75.20111927379205,1371,13,112.87871170296964,0
96.33033374656267,5.11958089586208,164.28021078984102,61.64879505869006,1023,18,71.68848336519827,1
55.47912200477498,6.161561451109243,153.37534092884442,30.84897001070139,1028,19,78.60869579265676,1
73.48214904964416,5.667844309097808,143.27589253793406,53.81581845900273,1170,17,82.92943551700358,1
80.88317206484577,4.918360158456873,190.15982653825088,44.95687188818834,1408,9,93.38501702456257,1
77.80991867735032,3.859668577082706,157.93266787652254,66.3834902083836,1227,8,117.93146154564988,0
68.77300480179406,0.6780781329680172,136.94218814095035,86.80900892046289,1377,7,162.07647555505204,0
72.91877749642725,4.859236438265172,187.7715720906193,22.496550607085112,1187,9,90.10436180027938,1
70.06999065341168,4.4153753743262225,229.8599903486558,62.30052158294834,1345,16,101.04626527413504,0
69.10635243055789,4.543157674390747,179.87858176920213,56.797344088667195,1229,1,128.62332870476132,0
83.49602097021025,1.4465028483593811,196.76981548903285,73.42680152900931,1320,5,141.7445612014614,0
78.57015485965047,1.8378869191834752,181.6365871709513,64.26393256475379,1339,4,139.87774704118874,0
68.07090404739346,6.1063057066658075,178.02220693617716,44.96061336522362,1118,8,97.58313779137059,1
83.9959987543325,3.92088969228669,198.38152965975536,53.618921286667636,1155,4,114.47054410157428,0
78.07299520876609,5.363001394745249,174.19450911622698,44.079482863930224,1271,17,76.32233410699025,1
83.1286211883896,4.056636752260922,185.34784628143805,81.52014277197196,1174,19,97.93408041718692,1
81.29628841923612,4.05951227899149,186.43395612392027,60.42623297343884,1464,8,109.37998751939861,0
66.71004989077927,5.876567611951995,166.63819092713902,98.02381371506016,1103,16,111.11632604929069,0
69.3981895980303,2.967910543565252,199.84084699073045,58.786783723707586,1091,16,112.67655583490753,0
82.47293605123262,4.192241553881967,176.50080486609184,45.831864661790746,1185,11,95.47465105885355,1
81.10370265433465,3.075449422589915,164.8850968101431,29.725712147743458,1459,6,106.08129856968466,0
74.79098406035853,3.1310075451353687,190.73019687140808,23.9372064748811,1282,2,116.67775562807078,0
76.17327383308782,3.3816557530627214,162.03064036417925,28.317281139890206,1180,9,102.26677547897306,0
87.77664895788425,4.444267543267426,180.56362314738257,65.34253302022967,1169,1,119.05080699766802,0
69.0842861116417,3.0425027566730454,179.81762006711594,70.17450046459868,1186,2,145.54979928960162,0
80.47097381170038,6.511512251147042,201.71791131663156,28.376185959357333,1174,15,61.849215921142,1
72.97807347566106,2.2107853955609924,189.49396465759907,77.90076628152231,1221,1,154.77664119574436,0
72.82318796772779,3.626256711677282,179.49946082509712,50.33877896633121,1232,9,113.74078541556513,0
85.9877685198719,3.12053788345165,196.35532598400573,62.93586023971099,1161,5,121.90841223634477,0
83.2541634898803,6.893955768707466,207.80415098034626,92.24441256510849,1420,10,97.2672293409903,1
83.13509636000639,4.393109553023149,191.15620612703725,77.93678631731063,1133,6,119.65043964646502,0
88.05478807154329,6.063689078937269,180.20705239686762,54.629387041883355,1390,14,73.41135043220888,1
75.21003841632759,1.028879253926056,153.7632753529968,42.17615549169425,1479,5,135.2940129813766,0
81.81952971294965,4.534100531738518,158.69772673849255,16.9636919734139,1223,19,62.6384179624391,1
71.89733243406543,5.779261591246874,173.89550591290666,45.616933615151595,1152,8,97.29650813034846,1
78.24166352488442,4.164567978550848,167.80975595681434,55.77739522344611,1032,19,88.81882296340875,1
73.69856945632316,6.130960750130702,176.26057394029107,40.25640945697632,1054,11,84.85166316238403,1
75.96995964992718,2.9654230997992554,181.13299849794214,57.37486065815391,1441,18,100.98307781074115,0
80.95157025436913,6.81869488037116,190.5938550871346,61.53703765917536,1006,19,68.4277035831231,1
66.81779316766527,8.5977962472385,178.59002443881818,55.50288036383843,1243,2,95.299835669879,1
95.9238727568546,3.2743228791206818,189.73003287652404,46.99994838353081,1312,14,86.00629295331626,1
64.93982618500299,3.1089949571984565,181.2894882962024,63.37309343933455,1125,1,147.23772611407725,0
62.85811387212268,6.906768954235401,140.49066867292257,68.83881299138818,1011,1,121.82376376411273,0
86.58110873500068,7.159144291461425,161.2132921236249,38.19201845114308,1015,2,83.48296790587956,1
82.91662693962935,2.9542799456934636,177.11824888556768,88.2186475949254,1207,5,138.10678268021152,0
81.24119817052156,3.1596263658082853,155.80610514317786,58.02823735431477,1042,14,105.53414921427387,0
81.2834550926428,3.4364307822789857,191.9985745999241,60.37699245889695,1372,9,112.81028589710236,0
74.87753227153085,1.311098977931446,210.61501664687395,74.16428846513114,1483,8,143.2763265918893,0
66.02745628514168,2.1626961070316035,204.37523703394635,64.66432262527003,1460,0,154.90862742826886,0
75.75804558193727,1.9917184664958643,175.73114258139583,79.0627326782649,1134,15,127.32118214161571,0
68.22838288487888,2.464404869791743,209.81452273699904,65.74248330403648,1227,5,142.4382963857812,0
84.7511973341775,3.930630225226438,182.97334914404223,47.75125250719124,1110,8,103.07962658444214,0
73.52942618497862,4.468429465073042,173.25828057763923,67.23007050412204,1306,3,126.51405858349378,0
66.74502803207488,7.101000985628154,167.7319467291812,37.125475853586764,1456,1,99.07870761610823,1
71.78614158347007,2.003291918522418,173.95060627023744,62.17119411553046,1159,3,145.83534844280985,0
79.12931454275625,5.968644796953168,172.23646362917543,59.335400187110785,1330,0,111.96509008372504,0
69.36275447196026,3.572022311548982,183.40832444750976,55.83766285454921,1263,18,101.53744935731456,0
66.77779604433569,3.9010725806951343,183.2114796209973,57.429249771221386,1224,9,119.96380740458108,0
77.43687211491913,5.3496389843332075,180.06092040306828,22.363019090047217,1470,14,71.08489997842264,1
77.44966571108722,1.7545559568754028,188.738763394927,49.02550184518077,1216,18,106.43657069871738,0
69.9305682462887,4.764819492368101,203.81292549572683,61.85689802282229,1455,15,99.59043847543538,1
70.28961694381677,4.332904416426112,198.99108270882647,63.19712783994801,1044,3,129.4836350335117,0
77.32049937357637,4.984902528016298,150.30204063100194,39.44649718148084,1213,1,109.92262886774893,0
60.51915658502676,4.5783372878156365,128.9215773019609,85.31415681729402,1058,12,128.32505483810053,0
60.92536225623445,8.91060027982179,198.68639822478548,42.676503035709985,1131,0,95.65815947429311,1
67.81555778747564,2.7245200314973683,152.66242603169158,79.38914401053474,1103,16,126.1309655233079,0
72.86552848288153,2.9380060899963647,175.50469196214632,68.5438872374337,1194,12,122.50547211244071,0
78.10907565598005,2.753718947150471,156.5977394788128,47.075453803123935,1412,3,125.96071479957416,0
89.75356216949552,2.8890457616794905,143.96039124839962,95.50621785219025,1488,6,133.39789309706276,0
83.5765962320202,2.7252257453869646,190.82925456409575,36.1272633648704,1156,16,91.62054873372334,1
73.40061470036574,6.378033062215104,195.18310320605295,78.38308347220003,1097,8,107.9617854780866,0
74.80983792097311,6.841008495979709,168.4697919854656,80.01164636085957,1225,3,113.30488487581361,0
64.97470635362191,2.8585074125010475,128.1791541571018,46.5875958184671,1411,18,105.39097352632763,0
74.8148686400761,2.3352888537915426,169.07511103495034,87.84930600128658,1204,0,159.37044725825007,0
72.11341361079862,4.942831112772808,187.83608010805094,54.99906970802095,1078,9,106.87615506318913,0
78.22718560338089,2.8955539114380575,150.42176862451743,65.77387258559715,1123,3,135.52575651858942,0
66.72769056447677,5.265863635511021,183.6671983955831,65.20643677542441,1470,8,113.74415685204262,0
80.19346514241172,4.405846041702599,179.6938030165401,57.31382517058904,1427,12,98.12037213774435,1
90.32738913002578,0.9685117700055361,191.58582999202176,76.21616546319564,1217,13,126.0130772675329,0
73.91239851543142,7.095010402660123,182.39160736828308,75.86977441104426,1003,9,99.02988517189603,1
79.01711722098942,7.591755346191043,160.5386211823689,25.029360535236385,1089,5,73.12194372129832,1
81.90143991711112,2.7744226190312276,203.93143003328981,86.08680485756305,1103,15,119.81186954284283,0
70.98779528114164,3.224596880128032,176.8294085394606,26.750160239286515,1392,5,113.82806885370569,0
77.24092481810416,4.57173078144981,179.45390920980137,80.65092408683314,1118,16,104.36887593733476,0
75.12592400781794,4.66891357997405,161.3346408185361,82.53410273655166,1132,9,120.15500352222908,0
75.97676098548831,5.317088545345661,171.1343549761698,38.18067139569604,1311,17,75.21721854669207,1
67.26990216144533,8.0204090775327,162.30394571946198,51.7837142409083,1095,17,68.4376627710363,1
75.24510174258943,3.6461055450119013,176.54107880153154,37.88590663028128,1467,2,118.2430275609739,0
79.9799829124545,2.4034055109230925,214.23416960284686,55.70157939422529,1433,19,99.47455927976428,1
89.51143607795042,1.2413615439709456,152.56197714137286,53.839314316285176,1330,14,110.72961594401467,0
84.59270826085206,2.538139920116162,147.72877204246518,75.59321064538679,1142,14,116.10731935308243,0
96.53182457511556,3.933746054252406,209.42340654987217,86.20617492239217,1287,3,121.97265936708438,0
67.3265243711195,7.589115727035575,175.81352645696268,87.91367621579911,1027,8,108.24769279471933,0
83.72320636720679,2.964777401927657,166.61854522680167,48.75663946843396,1277,18,91.29653542503027,1
76.83342005738352,4.447575903277797,200.79809374792154,55.81556252510944,1232,16,92.70043799042551,1
96.89802933217672,3.9671542078544957,167.88768920526272,26.331236155580996,1016,10,78.82996094921316,1
66.91701714644849,6.376786546896168,216.52019427093873,43.88259867007622,1058,8,96.10339324270996,1
66.60278157819224,9.053864851747242,193.5585174267854,79.29703266194915,1089,9,90.49037225444285,1
69.00607354555977,2.938262454159359,170.24177183708593,92.31165647096464,1491,17,125.98986976575964,0
53.76104275690193,3.021121114963556,223.14616426531006,35.31302256240156,1198,19,106.4887081559708,0
69.74244978319238,6.0883217541381445,167.88570153993322,48.15071481694211,1361,12,88.76982354881201,1
67.40867338446301,5.363782979252623,194.84190744018613,59.47188486082146,1440,7,111.69873988881935,0
76.50393786476208,7.693414651472067,185.98585160812985,65.60322317639213,1025,6,92.92614408460986,1
78.4175597577716,5.167856370651927,206.03482578797596,43.80792960156708,1024,16,80.70706602935083,1
93.76170839215887,3.281415818425881,211.23022393453707,68.48122088928179,1393,14,98.01491718350675,1
84.5042383818605,5.181309661384619,180.64008298131535,50.523213058581675,1300,19,71.70773853272547,1
69.23096344337597,6.2174071611658155,164.93164259307633,59.71095458243442,1338,14,90.0414492471899,1
66.01585328651642,5.640964362394728,189.19944285878233,70.925684960074,1266,0,131.19244495166606,0
79.91919171506505,5.014548062214596,166.44569260495788,60.12844539621876,1460,13,92.71248482834056,1
61.797667929793576,6.133349379178307,220.26774495053246,51.272282189468626,1180,4,113.23121171747299,0
93.31458765854353,6.3385911808913455,182.73070662165475,57.807803921483384,1455,10,76.26850238677609,1
86.79440120721287,6.764317982075054,172.69356897375783,58.232740815893294,1359,15,68.7713055855759,1
70.30824347895295,5.297419775179286,183.69360611729817,52.59977940235745,1067,1,120.3389367165821,0
57.868654709091224,3.6657638393662912,153.05747420940608,54.82407874665795,1494,7,130.32100489112565,0
88.53872374165412,4.293427372866645,160.56771922978697,91.97294341009433,1350,10,114.0580737287907,0
73.85460154747382,6.413017933016714,204.00827815888852,71.21838895882478,1411,17,84.16636977729962,1
87.37816311973462,2.366128658025528,166.86211442057208,54.090393639416796,1458,2,126.92363705971648,0
59.05572341205633,4.737346617745803,159.06178034636122,73.93908809021471,1490,0,144.37619237349585,0
69.00624977046228,3.2133223753452786,190.73305505054572,53.3236102048798,1320,10,119.15022628330786,0
75.05243699718183,4.057489645869635,203.71408309325994,83.46249275173282,1048,15,113.98937961116388,0
75.46980593764742,6.556903725214598,194.37906621330134,67.39284384396188,1174,17,80.9953473701462,1
70.49934528520757,4.382198136039807,199.92095371611632,57.85395711991542,1051,15,102.2149172434732,0
81.22849932347499,4.092873096312298,164.86409822861077,68.95433851620555,1101,9,113.2463850288244,0
64.32379570617405,1.2802877180401615,151.56378666516312,28.582476958630014,1215,17,112.51490017005449,0
73.57620514978707,5.492507132054442,210.02667303910974,37.4646506218039,1437,5,98.74630413463677,1
76.20295631711899,5.29096836228215,173.54640322315728,36.12149987201889,1187,18,72.83563798405706,1
80.14438834058748,8.32650944661092,174.98333967089906,62.85886189527413,1056,3,89.42184470227969,1
82.11614878088889,3.384443530093998,206.56388283698115,94.65029998970184,1046,12,125.32668272938783,0
63.75357908162131,4.438300655327878,191.1246001880132,104.62600292385264,1158,13,134.01373295400623,0
59.65885829264378,4.498767367421511,189.11775544163214,72.76102202881515,1488,2,141.22328544092045,0
87.7767682189851,7.154906559526949,223.30004689802166,70.01688949888914,1173,9,83.6827776980409,1
78.32314011979592,3.809408935226096,167.12963539239715,23.97884531694522,1241,5,102.65063908082712,0
67.51513463443446,4.558043051540679,198.55680256162475,49.14652400531956,1281,0,127.6918098827868,0
90.51151975522524,5.215793019433079,181.14026249794168,44.24432496183522,1240,13,75.78660252127278,1
76.15674634292859,4.3732182463127165,185.37184557726513,47.58304803497768,1369,7,107.03538097264423,0
86.79297184063826,3.1071327708989434,210.56936852825064,56.63712362830421,1004,18,93.00712217444995,1
75.67518481410109,4.388179985796615,190.1567151257925,50.55818844605746,1083,13,98.21850648537495,1
95.60747924881987,6.1472634997195446,190.76592158099265,20.414003792484245,1307,9,60.00791049942987,1
92.55340842443204,1.9469694011778795,201.45014674619605,74.95820512235068,1360,16,109.06062061220668,0
72.51035851520926,4.265939348293752,172.7009454091423,38.54513948520387,1458,8,103.8467681440845,0
84.71570950954356,2.599758370121654,163.2158066532199,64.78493728222298,1247,5,127.5868340725034,0
81.45375949585147,6.390093257849685,159.10381611957934,101.48165339499947,1053,10,109.19207303802108,0
88.68631557532349,0.9536261904324506,140.67286821247995,41.61230816827153,1160,6,124.42809210041737,0
65.35076539419896,2.8821563054568236,221.12414259880643,9.394249545073407,1433,16,90.19426201352292,1
81.8605145999844,4.754423750129042,157.93583268556634,54.27991556239778,1421,0,116.51115610017904,0
85.58424486849587,7.13104805846868,175.57492752828455,82.01919269997143,1410,4,100.44381598743956,0
57.41260513576886,3.8684994778540243,174.4637340022216,99.16694908441187,1225,8,150.58039461075865,0
63.16741487334225,2.8896009466136032,186.14813395618202,35.40900811095166,1014,17,104.98376458389319,0
54.607678222398995,7.76231413888118,196.31474425078594,69.93398446473043,1223,1,121.06733654339656,0
72.30593165555442,1.103972199167512,197.20946976719492,50.693790864398935,1060,10,133.37037251441583,0
82.17542255795962,-0.3976119132401639,168.33845122862124,57.88103291391729,1121,5,150.77607371651226,0
90.02357052096028,4.880028900106665,176.65756572427176,112.8868669403407,1276,7,125.00434585254881,0
75.74094780419775,2.9958915512947777,185.651599009766,29.940593432096936,1045,3,119.18540606233206,0
91.28615545571292,1.9575343657385735,175.02617747632905,65.07479322989147,1452,17,102.58819732446682,0
61.198985417851084,5.416712894598707,212.14691152039984,69.35386343530867,1389,10,115.43904022658381,0
57.96617560644845,4.487601427542398,189.81949903276504,81.71572649878695,1293,4,144.1191113438955,0
74.44452301103381,2.871842738526543,194.69755572099635,61.95966306941791,1061,14,115.14447121766955,0
78.84065448939307,1.4393912026582112,193.25762537334825,66.16101079008205,1085,17,119.06785218226088,0
74.67305251905907,5.744914656560289,203.4694771497065,52.16702865156418,1445,1,111.16075505805253,0
54.325578999601234,5.300402355917322,183.62043117407413,65.38253882490214,1209,10,120.78258736543151,0
74.10879960487212,3.801648272441234,154.06336104088308,53.136154490051794,1077,12,107.48285138159832,0
61.95530499495147,7.693273992095332,187.99375903505285,72.43143779712102,1201,3,113.10028296583667,0
81.69672548830039,1.8598304673476949,166.9728621241634,52.60779327912732,1301,6,127.56287251014179,0
78.66598246096848,0.9489496581505223,169.42766636500485,67.54200787804373,1396,10,136.2666207050429,0
65.60120213672644,2.616183860237511,191.72728037510186,59.414743726300436,1222,3,144.186939271869,0
69.86133082663306,3.9088279672890045,204.76566142867273,82.52100501544336,1221,14,119.99581410810318,0
64.40786478111049,4.486678898645383,180.42543153472124,58.97212552823027,1002,0,137.05633975006367,0
74.37320902726829,3.51752788428734,186.17666025197929,24.53935063586237,1477,2,113.24588502181784,0
84.55142320501238,4.704110793028594,214.04429889270477,85.23843001427983,1005,13,106.32019009890125,0
65.14273953664457,1.4969211516191119,184.81506358977137,41.88535398274762,1092,5,141.39311614910525,0
80.04046515517844,6.887529208146519,232.0336622836079,46.924673227023604,1007,17,65.2947308241969,1
69.69742381627559,3.8356976432148624,191.3101929126309,48.086774119130155,1427,0,130.4648668608257,0
67.07127167737656,6.234591663176255,144.78474481688363,87.48876186341634,1492,5,122.75063028439689,0
73.92969640045442,4.685450692755408,195.06683242209064,17.286515720426088,1234,5,95.84589519780623,1
64.64757677580626,4.913506438307568,187.62316769765556,122.75497067319988,1107,15,134.8163724094944,0
69.46350694652818,5.139534560464408,205.7950550816549,81.12113618132103,1160,4,130.0734860497227,0
63.021221074111516,4.8954171200346295,193.46362702539918,64.4647782825832,1208,16,104.61207532172534,0
94.6472513291639,5.285445519735088,177.23088032032453,58.902119987674276,1239,9,87.2546947726253,1
75.35263551971728,6.658305060264863,155.5140352742127,65.71108149715315,1330,17,78.65699185068385,1
68.00274492007415,4.39304233940294,175.81953485427948,70.42244856758677,1332,6,127.00468963251056,0
77.13979910734221,5.418007515177025,162.989590915814,72.90431171900114,1049,2,122.15125645221062,0
73.8767195030917,3.8205286114255466,168.38953100390555,71.11208932006897,1010,12,116.84044016615677,0
72.79030400466777,6.880234430898946,191.77156808841218,61.79161362510498,1350,14,82.87168816162672,1
81.14166700043425,2.6472153958814606,213.39809008702812,56.053231593853475,1155,19,98.16055902952763,1
82.57507710047305,7.601880865821631,187.8934305964596,56.97453432692976,1491,18,58.15715855651338,1
69.69498852389472,3.919684098711313,156.0823387592963,56.10183439294638,1069,2,131.5924535876669,0
69.2418175935532,1.1384497957639037,188.8920533644028,82.67540193734129,1168,3,164.99664852771684,0
72.24948302848355,4.2562088298215786,203.93262973291303,71.87113444561723,1271,4,129.73131016144916,0
51.980788352644154,2.6378966850502383,167.80434191361235,1.1922273067143934,1067,0,132.57330949083996,0
59.84808937801448,5.681287097977448,177.31965666654165,73.11801553059522,1354,3,130.46023947906644,0
88.66874267444524,2.694752041395218,180.29376389458395,63.894723894375495,1251,11,111.19935147646981,0
91.44967713501283,3.107633133570441,164.3020337383552,59.62582487108205,1047,9,108.55710565896722,0
72.50963960443622,0.22091853810893802,192.9656086768772,52.229630938222286,1183,19,122.42475548069066,0
80.76556963055766,3.095387361501847,177.58103702784436,82.48225439972026,1319,12,121.27057260339924,0
78.11250154543536,-0.8477586532579133,188.39064887814055,78.95052924245715,1186,13,151.83733261094358,0
105.78880808455239,0.8321943530285534,162.250156443958,44.54244664352782,1089,4,117.53762202989357,0
86.19574911434577,5.520829312288595,171.25083399353178,68.1410457424907,1445,3,107.72228908145999,0
73.72082408519233,5.571600317301664,194.44762715655543,40.566865309174275,1331,13,84.07897084801996,1
65.44459559399574,4.85091512356993,172.54333695816467,32.40763670422139,1138,9,101.35082088835466,0
58.93553679742428,2.066047713741574,214.5392770246681,47.4656555082007,1356,16,121.27601660622832,0
77.03463635867223,3.90457728771604,172.00727628770795,77.24786944765518,1088,9,122.31960733516148,0
67.43649254715697,3.992794921818863,184.49369451503773,79.06250090752174,1273,6,135.2746970414844,0
60.77746290402326,1.6832706216149145,198.6518166374618,70.26170840194587,1018,15,137.95271890483502,0
68.53427115757474,7.006796603534301,151.63268534133937,74.50191573695994,1470,0,119.01916811414578,0
64.18451996385605,5.7547245811513426,144.78382376038448,70.32356574229917,1310,16,99.22637025085399,1
91.87141635072564,3.558071652340672,149.4868737085981,47.17036809554095,1357,8,98.83847774846458,1
83.81639756949451,4.053771677989062,205.25168206854363,68.63845089347882,1373,5,117.97093396723129,0
74.92027358683383,4.416765615895105,168.96283708215105,76.00819050455365,1465,18,99.40875145564891,1
89.79944138890026,-0.08346973684858128,231.16398571336504,75.08582659627149,1153,12,136.6061180818042,0
75.77368307647619,3.505645234958806,168.71504802685223,83.77826742949286,1389,2,142.28002537389506,0
66.38715798671737,2.6360315040044027,183.69102606394074,74.16607694402127,1259,6,144.59006005060152,0
90.23124077269657,1.996759980210169,210.8421990513575,67.02896415083165,1107,8,123.82040961557723,0
80.38910043684659,3.43779941422809,220.12185776318245,81.40300476632855,1370,4,134.0378267198623,0
64.62753845673544,7.595373053699046,221.23007153272795,59.469574815018795,1284,9,92.84977221252869,1
73.09661321916391,5.28168572253402,204.16732461186285,42.36250697544564,1058,16,83.16047713211952,1
66.24381746615242,2.8576420204344064,200.48125051622924,56.738660721124724,1124,11,124.89314022416517,0
61.172002690356635,5.145165562712317,191.85053898402367,45.10194710387102,1353,15,95.68704689795166,1
